PatientID,Pregnancies,PlasmaGlucose,DiastolicBloodPressure,TricepsThickness,SerumInsulin,BMI,DiabetesPedigree,Age,Diabetic
1354778,0,171,80,34,23,43.50972593,1.213191354,21,0
1147438,8,92,93,47,36,21.24057571,0.158364981,23,0
1640031,7,115,47,52,35,41.51152348,0.079018568,23,0
1883350,9,103,78,25,304,29.58219193,1.282869847,43,1
